keyword,ai_overview,fecha_utc,mercado
autos de coleccion,No,2026-08-26T15:34:06+00:00,Argentina / es / mobile
muñeca chelsea sirena,No,2026-08-26T15:34:06+00:00,Argentina / es / mobile
eliptico con asiento,No,2026-08-26T15:34:06+00:00,Argentina / es / mobile
carteras las oreiro,No,2026-08-26T15:34:06+00:00,Argentina / es / mobile
razer huntsman v3 pro tkl,No,2026-08-26T15:34:31+00:00,Argentina / es / mobile
colchon antiescaras silfab,No,2026-08-26T15:34:31+00:00,Argentina / es / mobile
obsession calvin klein,Si,2026-08-26T15:34:57+00:00,Argentina / es / mobile
carro para herramientas con ruedas,No,2026-08-26T15:34:57+00:00,Argentina / es / mobile
baby alive magical mixer,No,2026-08-26T15:35:30+00:00,Argentina / es / mobile
inflador inalambrico,No,2026-08-26T15:35:30+00:00,Argentina / es / mobile
calefactor tbu 3000,No,2026-08-26T15:35:53+00:00,Argentina / es / mobile
talle m remera mujer,No,2026-08-26T15:35:53+00:00,Argentina / es / mobile
organizador de baño sobre inodoro,No,2026-08-26T15:36:20+00:00,Argentina / es / mobile
secador de pelo winco w94,No,2026-08-26T15:46:53+00:00,Argentina / es / mobile
acople rapido neumatico,Si,2026-08-26T15:46:53+00:00,Argentina / es / mobile
juguete mamadera avent,Si,2026-08-26T15:47:14+00:00,Argentina / es / mobile
asiento de silicona para bicicleta,No,2026-08-26T15:47:14+00:00,Argentina / es / mobile
philco smart tv android 40 pulgadas,Si,2026-08-26T15:47:40+00:00,Argentina / es / mobile
bandolera las oreiro,No,2026-08-26T15:47:40+00:00,Argentina / es / mobile
inodoro inteligente,No,2026-08-26T15:47:56+00:00,Argentina / es / mobile
atlas perfume,No,2026-08-26T15:47:56+00:00,Argentina / es / mobile
bateria 12x60,No,2026-08-26T15:48:13+00:00,Argentina / es / mobile
muñeca barbie land,Si,2026-08-26T15:48:13+00:00,Argentina / es / mobile
simulador de remo,No,2026-08-26T15:48:30+00:00,Argentina / es / mobile
atornillador pektra,No,2026-08-26T15:48:30+00:00,Argentina / es / mobile
valija samsonite mediana,No,2026-08-26T15:49:04+00:00,Argentina / es / mobile
balde con mopa centrifuga,No,2026-08-26T15:49:04+00:00,Argentina / es / mobile
moschino uomo,No,2026-08-26T15:49:26+00:00,Argentina / es / mobile
estereo nakamichi,No,2026-08-26T15:49:26+00:00,Argentina / es / mobile
sexionary,Si,2026-08-26T15:49:42+00:00,Argentina / es / mobile
dolphin futsal,No,2026-08-26T15:49:42+00:00,Argentina / es / mobile
cava philco,Si,2026-08-26T15:50:02+00:00,Argentina / es / mobile
t go,No,2026-08-26T15:50:02+00:00,Argentina / es / mobile
mueble recibidor,No,2026-08-26T15:50:25+00:00,Argentina / es / mobile
dove shampoo y acondicionador,No,2026-08-26T15:50:25+00:00,Argentina / es / mobile
máscara nasal para cpap,No,2026-08-26T15:50:52+00:00,Argentina / es / mobile
juguete deadpool muñeco,No,2026-08-26T15:50:52+00:00,Argentina / es / mobile
bicicleta avelino rodado 29,No,2026-08-26T15:51:35+00:00,Argentina / es / mobile
calefaccion electrica,No,2026-08-26T15:51:35+00:00,Argentina / es / mobile
mopa giratoria,No,2026-08-26T17:52:06+00:00,Argentina / es / mobile
mochila con ruedas para niños,No,2026-08-26T17:54:38+00:00,Argentina / es / mobile
omron 7121,Si,2026-08-26T17:54:38+00:00,Argentina / es / mobile
compresor para auto portatil,No,2026-08-26T17:54:38+00:00,Argentina / es / mobile
porta algodon para bebe,No,2026-08-26T17:55:08+00:00,Argentina / es / mobile
sierra de banco stanley,No,2026-08-26T17:55:08+00:00,Argentina / es / mobile
tv sony bravia 50 pulgadas,Si,2026-08-26T17:55:08+00:00,Argentina / es / mobile
zapatillas rusty,No,2026-08-26T17:55:42+00:00,Argentina / es / mobile
set de ollas tramontina turim 7 piezas,No,2026-08-26T17:55:42+00:00,Argentina / es / mobile
preservision areds 2,Si,2026-08-26T17:55:42+00:00,Argentina / es / mobile
auto robot,Si,2026-08-26T17:56:10+00:00,Argentina / es / mobile
juguete pistola suprabond,Si,2026-08-26T17:56:10+00:00,Argentina / es / mobile
inguinal taekwondo,Si,2026-08-26T17:56:10+00:00,Argentina / es / mobile
disco pc,Si,2026-08-26T17:57:03+00:00,Argentina / es / mobile
gorra disney,Si,2026-08-26T17:57:03+00:00,Argentina / es / mobile
placard 5 puertas,No,2026-08-26T17:57:03+00:00,Argentina / es / mobile
plancha winco a vapor,No,2026-08-26T17:57:37+00:00,Argentina / es / mobile
bateria g31,No,2026-08-26T17:57:37+00:00,Argentina / es / mobile
victrix pro bfg,No,2026-08-26T17:57:37+00:00,Argentina / es / mobile
kit tromen,Si,2026-08-26T17:58:04+00:00,Argentina / es / mobile
cargador de bateria black and decker,No,2026-08-26T17:58:04+00:00,Argentina / es / mobile
valija frozen,No,2026-08-26T17:58:04+00:00,Argentina / es / mobile
tendedero de ropa,No,2026-08-26T17:58:35+00:00,Argentina / es / mobile
cerave protector solar,No,2026-08-26T17:58:35+00:00,Argentina / es / mobile
bateria j7 2016,No,2026-08-26T17:58:35+00:00,Argentina / es / mobile
muñeca baby alive con pelo,No,2026-08-26T17:59:08+00:00,Argentina / es / mobile
adidas tensaur niño,No,2026-08-26T17:59:08+00:00,Argentina / es / mobile
camara osmo,No,2026-08-26T17:59:08+00:00,Argentina / es / mobile
